{"metadata":{"asset_id":"1d17490b-6bb8-4291-9fe2-1e19f57195f7","asset_attributes":["wml_model","location_definition","modelfacts_system"],"name":" P9 - LGBM Classifier: NSAP Eligibility Prediction","asset_type":"wml_model","created_at":"2025-08-03T19:22:37Z","origin_country":"au","owner_id":"IBMid-6950010EKG","resource_key":"7f4634df-bd59-450c-8a1b-e991aac540f3","space_id":"92b55618-ede4-486d-b434-bbff3fe350e2","sandbox_id":"92b55618-ede4-486d-b434-bbff3fe350e2","size":103493,"usage":{"last_update_time":1754248958385,"last_updated_at":"2025-08-03T19:22:38Z"}},"entity":{"wml_model":{"content_import_state":"completed","content_location":{"contents":[{"content_format":"pipeline-node","file_name":"P9_automl.zip","location":"auto_ml/42a6a3be-4884-4f79-8267-75491b9cb269/wml_data/218f122e-270e-47d4-a36f-6d15b3acd172/assets/218f122e-270e-47d4-a36f-6d15b3acd172_P9_batch_ensemble_output/resources/wml_model/P9_automl.zip","pipeline_node_id":"automl"},{"content_format":"native","file_name":"pipeline_model.json","location":"auto_ml/42a6a3be-4884-4f79-8267-75491b9cb269/wml_data/218f122e-270e-47d4-a36f-6d15b3acd172/assets/218f122e-270e-47d4-a36f-6d15b3acd172_P9_batch_ensemble_output/resources/wml_model/pipeline_model.json"}],"location":{"assets_path":"auto_ml/42a6a3be-4884-4f79-8267-75491b9cb269/wml_data/218f122e-270e-47d4-a36f-6d15b3acd172/assets","notebooks_path":"auto_ml/42a6a3be-4884-4f79-8267-75491b9cb269/wml_data/218f122e-270e-47d4-a36f-6d15b3acd172/notebooks","path":"auto_ml/42a6a3be-4884-4f79-8267-75491b9cb269/wml_data","training":"auto_ml/42a6a3be-4884-4f79-8267-75491b9cb269/wml_data/218f122e-270e-47d4-a36f-6d15b3acd172","training_log":"auto_ml/42a6a3be-4884-4f79-8267-75491b9cb269/wml_data/218f122e-270e-47d4-a36f-6d15b3acd172/data/automl/training.log","training_status":"auto_ml/42a6a3be-4884-4f79-8267-75491b9cb269/wml_data/218f122e-270e-47d4-a36f-6d15b3acd172/training-status.json"},"type":"container"},"data_preprocessing":[{"input":{"columns":16,"rows":100},"output":{"columns":16,"rows":100},"props":{"type":"stratified"},"stage":"sampling"},{"input":{"columns":16,"rows":100},"output":{"columns":16,"rows":100},"props":{"duplicated_rows_count":0},"stage":"cleansing"}],"hybrid_pipeline_software_specs":[{"name":"autoai-kb_rt24.1-py3.11"}],"label_column":"schemecode","metrics":[{"context":{"classes":["IGNDPS","IGNOAPS","IGNWPS"],"features_importance":[{"computation_type":"","features":{"NewFeature_11_pca_21":0.3917,"NewFeature_8_pca_2":0.0941,"NewFeature_9_pca_10":0,"districtname":0,"lgddistrictcode":0,"totalfemale":0,"totalmale":0.5142},"stage":"Mean"}],"incremental_training":{},"intermediate_model":{"composition_steps":["Split_TrainingHoldout","TrainingDataset_full_90_12","Column Selection","Datetime_FE","TrainingDataset_full_90_12","Preprocessor_default","DAUB","hpo_d","cognito","hpo_c","Ensemble"],"duration":33139,"location":{"model":"auto_ml/42a6a3be-4884-4f79-8267-75491b9cb269/wml_data/218f122e-270e-47d4-a36f-6d15b3acd172/data/automl/batch_ensemble_output/Pipeline5/model.pickle","pipeline":"auto_ml/42a6a3be-4884-4f79-8267-75491b9cb269/wml_data/218f122e-270e-47d4-a36f-6d15b3acd172/data/automl/batch_ensemble_output/Pipeline5/pipeline.json","pipeline_model":"auto_ml/42a6a3be-4884-4f79-8267-75491b9cb269/wml_data/218f122e-270e-47d4-a36f-6d15b3acd172/data/automl/batch_ensemble_output/Pipeline5/pipeline-model.json"},"name":"P9","notebook_location":"auto_ml/42a6a3be-4884-4f79-8267-75491b9cb269/wml_data/218f122e-270e-47d4-a36f-6d15b3acd172/data/automl/batch_ensemble_output/Pipeline5/incremental_learning_notebook.ipynb","pipeline_nodes":["ColumnSelector","PreprocessingTransformer","autoai_libs.cognito.transforms.transform_utils.TA1","autoai_libs.cognito.transforms.transform_utils.FS1","autoai_libs.cognito.transforms.transform_utils.TAM","autoai_libs.cognito.transforms.transform_utils.FS1","BatchedTreeEnsembleClassifier(base_estimator=LGBMClassifier)"],"process":"batch_ensemble_output","schema_location":"auto_ml/42a6a3be-4884-4f79-8267-75491b9cb269/wml_data/218f122e-270e-47d4-a36f-6d15b3acd172/data/automl/batch_ensemble_output/Pipeline5/schema.json"},"multi_class_classification":{"one_vs_all_location":"auto_ml/42a6a3be-4884-4f79-8267-75491b9cb269/wml_data/218f122e-270e-47d4-a36f-6d15b3acd172/data/automl/batch_ensemble_output/Pipeline5/one_vs_all.json"},"phase":"batch_ensemble_output","prediction_type":"classification","target_column":"schemecode"},"ml_metrics":{"holdout_accuracy":1,"holdout_f1_macro":1,"holdout_f1_micro":1,"holdout_f1_weighted":1,"holdout_neg_log_loss":-0.000026446544213127136,"holdout_precision_macro":1,"holdout_precision_micro":1,"holdout_precision_weighted":1,"holdout_recall_macro":1,"holdout_recall_micro":1,"holdout_recall_weighted":1,"training_accuracy":1,"training_f1_macro":1,"training_f1_micro":1,"training_f1_weighted":1,"training_neg_log_loss":-0.005608797254532595,"training_precision_macro":1,"training_precision_micro":1,"training_precision_weighted":1,"training_recall_macro":1,"training_recall_micro":1,"training_recall_weighted":1},"timestamp":"2025-08-03T19:01:51Z"}],"pipeline":{"id":"8b851869-c855-478c-9028-0a90df90735e"},"schemas":{"input":[{"fields":[{"name":"finyear","nullable":false,"type":"other"},{"name":"lgdstatecode","nullable":false,"type":"double"},{"name":"statename","nullable":false,"type":"other"},{"name":"lgddistrictcode","nullable":false,"type":"double"},{"name":"districtname","nullable":false,"type":"other"},{"name":"totalbeneficiaries","nullable":false,"type":"double"},{"name":"totalmale","nullable":false,"type":"double"},{"name":"totalfemale","nullable":false,"type":"double"},{"name":"totaltransgender","nullable":false,"type":"double"},{"name":"totalsc","nullable":false,"type":"double"},{"name":"totalst","nullable":false,"type":"double"},{"name":"totalgen","nullable":false,"type":"double"},{"name":"totalobc","nullable":false,"type":"double"},{"name":"totalaadhaar","nullable":false,"type":"double"},{"name":"totalmpbilenumber","nullable":false,"type":"double"}],"id":"auto_ai_kb_input_schema"}],"output":[]},"software_spec":{"id":"8c1a58c6-62b5-4dc4-987a-df751c2756b6","name":"hybrid_0.1"},"training_data_references":[{"connection":{},"id":"DistrictwisePensiondataundertheNationalSocialAssistanceProgrammeNSAP.csv","location":{"href":"/v2/assets/2fe387b4-8f00-4fcc-97f9-cc31240ea49d?project_id=345dffbd-ca21-4d82-804f-07c21af30784","id":"2fe387b4-8f00-4fcc-97f9-cc31240ea49d","project_id":"345dffbd-ca21-4d82-804f-07c21af30784","userfs":"false"},"schema":{"fields":[{"name":"finyear","nullable":false,"type":"other"},{"name":"lgdstatecode","nullable":false,"type":"double"},{"name":"statename","nullable":false,"type":"other"},{"name":"lgddistrictcode","nullable":false,"type":"double"},{"name":"districtname","nullable":false,"type":"other"},{"name":"totalbeneficiaries","nullable":false,"type":"double"},{"name":"totalmale","nullable":false,"type":"double"},{"name":"totalfemale","nullable":false,"type":"double"},{"name":"totaltransgender","nullable":false,"type":"double"},{"name":"totalsc","nullable":false,"type":"double"},{"name":"totalst","nullable":false,"type":"double"},{"name":"totalgen","nullable":false,"type":"double"},{"name":"totalobc","nullable":false,"type":"double"},{"name":"totalaadhaar","nullable":false,"type":"double"},{"name":"totalmpbilenumber","nullable":false,"type":"double"},{"name":"schemecode","nullable":false,"type":"other"}],"id":"auto_ai_kb_input_schema"},"type":"data_asset"}],"training_id":"218f122e-270e-47d4-a36f-6d15b3acd172","type":"wml-hybrid_0.1","ml_version":"4.0.19"},"modelfacts_system":{"model_information":{"input_type":"","algorithm":"BatchedTreeEnsembleClassifier(base_estimator=LGBMClassifier)","prediction_type":"classification","software_spec":"hybrid_0.1","software_spec_id":""},"training_information":{"features":15,"training_data_references":[{"training_data":"Training data name not found","training_data_href":"/v2/assets/2fe387b4-8f00-4fcc-97f9-cc31240ea49d?project_id=345dffbd-ca21-4d82-804f-07c21af30784","source_type":"Source type not found","source":"","source_href":"","source_path":"","training_data_exists":false,"source_exists":true,"type":"data_asset"}],"hyper_parameters":""},"model_identity_information":{"model_identity_key":"7f4634df-bd59-450c-8a1b-e991aac540f3"},"space_details":{"space_id":"92b55618-ede4-486d-b434-bbff3fe350e2","is_imported_model":false,"is_promoted_model":false,"space_type":"pre-production","is_spacetype_openscale_value":false}}},"attachments":[{"id":"d0336d35-d534-4518-aa60-f53b5bf4b27b","version":2,"asset_type":"wml_model","name":"P9_automl.zip","datasource_type":"193a97c1-4475-4a19-b90c-295c4fdc6517","creator_id":"IBMid-6950010EKG","create_time":1754248954267,"size":101249,"is_remote":false,"is_managed":true,"is_referenced":false,"is_object_key_read_only":false,"is_user_provided_path_key":false,"transfer_complete":true,"is_partitioned":false,"complete_time_ticks":1754248794837,"user_data":{"content_format":"pipeline-node","pipeline_node_id":"automl"},"test_doc":0,"handle":{"bucket":"f6714921-6c32-4342-ab8f-62a09f27245c","location":"au-syd","type":"bluemix_cos","key":"wml_model/P9_automl_zip_cbqholc4h78qazagmng08ciuz","upload_id":"done","max_part_num":1},"usage":{"access_count":2,"last_accessor_id":"IBMid-6950010EKG","last_access_time":1754248954267,"last_updater_id":"IBMid-6950010EKG","last_update_time":1754248794838}},{"id":"6ecd16e7-d12e-4b4c-b8bf-1b108e60b268","version":2,"asset_type":"wml_model","name":"pipeline_model.json","datasource_type":"193a97c1-4475-4a19-b90c-295c4fdc6517","creator_id":"IBMid-6950010EKG","create_time":1754248956285,"size":2244,"is_remote":false,"is_managed":true,"is_referenced":false,"is_object_key_read_only":false,"is_user_provided_path_key":false,"transfer_complete":true,"is_partitioned":false,"complete_time_ticks":1754248794950,"user_data":{"content_format":"native"},"test_doc":0,"handle":{"bucket":"f6714921-6c32-4342-ab8f-62a09f27245c","location":"au-syd","type":"bluemix_cos","key":"wml_model/pipeline_model_json_6k5d4upeca18qhcjmbixlzs6g","upload_id":"done","max_part_num":1},"usage":{"access_count":2,"last_accessor_id":"IBMid-6950010EKG","last_access_time":1754248956285,"last_updater_id":"IBMid-6950010EKG","last_update_time":1754248794950}}]}
