{"entity":{"description":"","name":"NSAP Eligibility Prediction","scope":{"bss_account_id":"a5a7e306d2a946d0a0487c5b7e4d58bb"},"settings":{"access_restrictions":{"reporting":{"authorized":false}}},"stage":{"name":"","production":false},"status":{"state":"active"},"storage":{"type":"bmcos_object_storage"},"type":"cpd"},"metadata":{"created_at":"2025-08-03T19:21:51.576Z","creator_id":"IBMid-6950010EKG","id":"92b55618-ede4-486d-b434-bbff3fe350e2","updated_at":"2025-08-03T19:22:12.764Z","url":"/v2/spaces/92b55618-ede4-486d-b434-bbff3fe350e2"},"is_encrypted":false,"deployment_source":"cloud","version":"1.2.0.cloud"}
